{
  "costs": [],
  "rewards": [],
  "demand_satisfaction": [],
  "best_parameters": null,
  "training_time": 100031.18737483025,
  "total_timesteps": 50000,
  "final_cost": 52.22468286950211,
  "best_cost": 51.73862521545236,
  "best_episode": 45,
  "final_demand_satisfaction": 0.999999587378255,
  "cost_history": [
    80.82420068042526,
    80.43063806084315,
    52.151597951506595,
    51.74227967972816,
    52.53168663416015,
    52.11236907775501,
    51.95999974134912,
    53.268558817773325,
    53.00705994561115,
    52.26811155014858,
    51.98963253239104,
    53.01837630165569,
    53.00671834717868,
    52.6997632350759,
    53.177242076331005,
    52.55358220131495,
    54.02356926143157,
    52.27879886080571,
    52.35552891866307,
    52.6884658757942,
    51.9849487944817,
    52.62017892861786,
    52.550065906452026,
    52.668234619967464,
    53.201264877876554,
    51.90797205718172,
    52.7541749833979,
    52.46415752518358,
    51.94114516531679,
    52.22972445373989,
    52.71477043986499,
    52.275013917321644,
    51.98853995541636,
    52.279132082900944,
    52.07484114570726,
    52.25954140692828,
    52.37097593553767,
    52.53337650643889,
    52.41896211602144,
    52.46871654460235,
    52.486358402924296,
    52.35036589631104,
    52.635444723786634,
    52.674924414469764,
    51.73862521545236,
    52.50962411344913,
    52.24059029560417,
    52.99087450071045,
    52.23477114332295,
    52.22468286950211
  ],
  "reward_history": [
    -70.89578046417002,
    -63.55836194627775,
    307.21627819213677,
    359.3106922693029,
    345.1431318348137,
    369.3814452862681,
    372.97545831149375,
    366.8692450288552,
    366.1298251672539,
    361.5387119768328,
    365.54206701684586,
    362.55226852700474,
    365.31429967162273,
    357.32032775331527,
    347.01750356288886,
    367.22788515632345,
    331.30684883233755,
    384.6452560887208,
    381.86800332943073,
    370.35341956522365,
    381.01612186030536,
    375.3497942474218,
    362.36764384254485,
    365.91803932377024,
    366.62571928801236,
    383.524839641061,
    373.7032128073968,
    378.3156575765053,
    384.4470714464408,
    383.0914738001039,
    383.1069203716788,
    381.0394004986264,
    361.3645904353701,
    379.57988789020555,
    379.7218704213057,
    382.66219601037596,
    355.85750173765956,
    373.11881970695714,
    373.34764186613364,
    382.4500611504478,
    376.4330550672159,
    395.3152543286289,
    359.92925952717286,
    376.5398096728583,
    392.96333265968184,
    365.0389718100302,
    375.9350629358479,
    366.06662794418503,
    384.41877307501284,
    377.56413228407666
  ],
  "demand_history": [
    0.9999998831301496,
    0.9999998750388699,
    0.9999993493717758,
    0.9999996510864089,
    0.999999495447279,
    0.9999996448859656,
    0.9999994925980407,
    0.999999671019401,
    0.9999996089788183,
    0.9999995164174489,
    0.9999996008339999,
    0.9999994080856093,
    0.9999995635419963,
    0.9999995434595454,
    0.9999995187549013,
    0.9999995508689462,
    0.9999995071860687,
    0.9999995800736148,
    0.9999995681112372,
    0.9999995774040238,
    0.9999995574929283,
    0.999999586434791,
    0.9999995433960273,
    0.9999995690501718,
    0.9999996190009799,
    0.9999997067414235,
    0.9999995381316753,
    0.9999995744955161,
    0.9999996831597493,
    0.9999995161923841,
    0.9999996355849945,
    0.9999996272853849,
    0.9999996476528246,
    0.9999996771767734,
    0.9999996227572012,
    0.9999996542795543,
    0.9999996602149304,
    0.9999995625216973,
    0.9999996307296268,
    0.999999689385465,
    0.999999562940118,
    0.9999995325275336,
    0.9999996939634801,
    0.9999996456549619,
    0.9999995911600603,
    0.9999996245329943,
    0.9999995734797213,
    0.9999996297505781,
    0.9999996413316155,
    0.999999587378255
  ]
}